Lily,2726 3179 745 487 2933 1632 1230 1230 1107 2185 2412 1773 ,lily@gmail.com
Oliver,1307 745 3179 2578 1313 2412 2680 1313 281 2412 1313 884 ,oliver@yahoo.com
Sophia,2680 2185 612 2170 3179 1632 2933 1632 1230 1230 ,sophia@gmail.com
Liam,2726 3179 1632 2271 2680 1313 281 2160 2412 1313 ,liam@yahoo.com
Ava,2790 2578 1632 597 1313 487 ,ava@gmail.com
Noah,3165 2185 1632 2170 2680 1632 1369 1313 ,noah@yahoo.com
Mia,3123 3179 1632 669 2160 1632 2412 1773 ,mia@gmail.com
Ethan,28 884 2170 1632 2235 2726 2185 281 690 ,ethan@yahoo.com
Harper,3000 1632 2412 612 1313 2412 2680 2170 3179 1313 745 1773 ,harper@gmail.com
Lucas,2726 2160 281 1632 1230 1759 1313 1369 1313 2235 1773 ,lucas@yahoo.com
Mihai,1230 1632 745 2160 884 ,mihai@yahoo.com
